employeeId,name,department
1,Employee 1,IT
2,Employee 2,HR
3,Employee 3,Finance
4,Employee 4,Marketing
5,Employee 5,IT
6,Employee 6,HR
7,Employee 7,Finance
8,Employee 8,Marketing
9,Employee 9,IT
10,Employee 10,HR
11,Employee 11,Finance
12,Employee 12,Marketing
13,Employee 13,IT
14,Employee 14,HR
15,Employee 15,Finance
16,Employee 16,Marketing
17,Employee 17,IT
18,Employee 18,HR
19,Employee 19,Finance
20,Employee 20,Marketing
21,Employee 21,IT
22,Employee 22,HR
23,Employee 23,Finance
24,Employee 24,Marketing
25,Employee 25,IT
26,Employee 26,HR
27,Employee 27,Finance
28,Employee 28,Marketing
29,Employee 29,IT
30,Employee 30,HR
31,Employee 31,Finance
32,Employee 32,Marketing
33,Employee 33,IT
34,Employee 34,HR
35,Employee 35,Finance
36,Employee 36,Marketing